Kundennummer;Name;Straße;PLZ;Ort;Land;Telefon;E-Mail;Notizen
A-0476;95 Tage - Weinbau Familie Eschlböck;Bahnhofstraße 26;4063;Hörsching;AT;+43 699 10643360;weinbau@95tage.at;Betriebsstandort: Bergland · Quelle: ÖWM-Betriebssuche (PDF-Auszug, Stand 30.08.2026)
A-0477;Aichinger;Hilkering 12;4081;Hartkirchen;AT;+43 7273 6050;info@weinblick.at;Betriebsstandort: Bergland · Quelle: ÖWM-Betriebssuche (PDF-Auszug, Stand 30.08.2026)
A-0478;Andreas Kreuzwieser;Erlenstraße 1;4070;Fraham;AT;+43 664 2305263;a.kreuzwieser@meleco.at;Betriebsstandort: Bergland · Quelle: ÖWM-Betriebssuche (PDF-Auszug, Stand 30.08.2026)
A-0479;Andreas und Evamaria Schäfer;Steyrtalstraße 137;4523;Neuzeug;AT;+43 650 7870640;andreas.sa.schaefer@gmail.com;Betriebsstandort: Bergland · Quelle: ÖWM-Betriebssuche (PDF-Auszug, Stand 30.08.2026)
A-0480;Antonia Koch;;4100;Ottensheim;AT;;antonia.koch@gmx.at;Betriebsstandort: Bergland · Quelle: ÖWM-Betriebssuche (PDF-Auszug, Stand 30.08.2026)
A-0481;Armin Kienesberger - Biodynamischer Weinbau;Oberschaffenberg 12;4707;Schlüßlberg;AT;+43 699 11144456;armin@kienesberger-wein.at;Betriebsstandort: Bergland · Quelle: ÖWM-Betriebssuche (PDF-Auszug, Stand 30.08.2026)
A-0482;Auer;An der Lauer 4;9313;St. Georgen am Längsee;AT;+43 660 3432077;auer@a-vino.at;Betriebsstandort: Bergland · Quelle: ÖWM-Betriebssuche (PDF-Auszug, Stand 30.08.2026)
A-0483;Champagne J.M. Gobillard & Fils;Nonntaler Hauptstraße 33;5020;Salzburg;AT;+43 664 3001661;gobillard@outlook.com;Betriebsstandort: Bergland · Quelle: ÖWM-Betriebssuche (PDF-Auszug, Stand 30.08.2026)
A-0484;Christian;Mehrnbach 149;4941;Mehrnbach;AT;+43 7752 20404;cp@weingutchristian.at;Betriebsstandort: Bergland · Quelle: ÖWM-Betriebssuche (PDF-Auszug, Stand 30.08.2026)
A-0485;Der Manfred & die Seinen;Hochbuchedt 4;4040;Kirchschlag bei Linz;AT;+43 660 3533531;info@weingarten-linz.at;Betriebsstandort: Bergland · Quelle: ÖWM-Betriebssuche (PDF-Auszug, Stand 30.08.2026)
A-0486;Domäne Lilienberg Weinbau GmbH;Am Polzerweg 1;9121;Tainach;AT;+43 4239 20276;info@lilienberg.at;Betriebsstandort: Bergland · Quelle: ÖWM-Betriebssuche (PDF-Auszug, Stand 30.08.2026)
A-0487;Dorfinger;Oberwang 115;4882;Oberwang;AT;+43 664 4582518;jakob.dorfinger@icloud.com;Betriebsstandort: Bergland · Quelle: ÖWM-Betriebssuche (PDF-Auszug, Stand 30.08.2026)
A-0488;Druzina Hren;Weinberg 45;9133;Sittersdorf;AT;+43 4237 2456;;Betriebsstandort: Bergland · Quelle: ÖWM-Betriebssuche (PDF-Auszug, Stand 30.08.2026)
A-0489;Firlingerhof;Rexham 27;4612;Scharten;AT;+43 664 3421840;info@firlingerhof.at;Betriebsstandort: Bergland · Quelle: ÖWM-Betriebssuche (PDF-Auszug, Stand 30.08.2026)
A-0490;Flür Alexandra und Georg;Kappenzipfl 12b;6464;Tarrenz;AT;+43 650 9260334;info@weingut-fluer.at;Betriebsstandort: Bergland · Quelle: ÖWM-Betriebssuche (PDF-Auszug, Stand 30.08.2026)
A-0491;Franz Wechselberger;Merans 46;6115;Kolsassberg;AT;+43 676 6444012;franzwex1@gmail.com;Betriebsstandort: Bergland · Quelle: ÖWM-Betriebssuche (PDF-Auszug, Stand 30.08.2026)
A-0492;Fuchs;Ohnerstorf 16;4152;Sarleinsbach;AT;+43 650 5343292;fuchs.philipp@hotmail.com;Betriebsstandort: Bergland · Quelle: ÖWM-Betriebssuche (PDF-Auszug, Stand 30.08.2026)
A-0493;Gass;Hauptstraße 13;2054;Alberndorf im Pulkautal;AT;+43 2944 260909;thomas@gass.at;Betriebsstandort: Bergland · Quelle: ÖWM-Betriebssuche (PDF-Auszug, Stand 30.08.2026)
A-0494;Gaumberger Gut;Daffingerstraße 35;4060;Leonding;AT;+43 664 5188177;waltraud.p@gmx.at;Betriebsstandort: Bergland · Quelle: ÖWM-Betriebssuche (PDF-Auszug, Stand 30.08.2026)
A-0495;Georgium;Längseestraße 9;9313;St. Georgen am Längsee;AT;+43 650 2241234;office@georgium.at;Betriebsstandort: Bergland · Quelle: ÖWM-Betriebssuche (PDF-Auszug, Stand 30.08.2026)
A-0496;Gerstmayr;Hainbach 4;4493;Wolfern;AT;+43 660 6588988;office@gerstmayrgut.at;Betriebsstandort: Bergland · Quelle: ÖWM-Betriebssuche (PDF-Auszug, Stand 30.08.2026)
A-0497;Glanegg;Schwambach 31;9555;Glanegg;AT;+43 664 6179898;winzer@burg-wein-lassnig.at;Betriebsstandort: Bergland · Quelle: ÖWM-Betriebssuche (PDF-Auszug, Stand 30.08.2026)
A-0498;Leo Gmeiner;Weinzierl 8/2;4320;Perg;AT;+43 699 11726457;info@weinbau-gmeiner.at;Betriebsstandort: Bergland · Quelle: ÖWM-Betriebssuche (PDF-Auszug, Stand 30.08.2026)
A-0499;Grafenbergerin;Außerfragant 97;9831;Flattach;AT;+43 676 6877554;info@grafenbergerin.at;Betriebsstandort: Bergland · Quelle: ÖWM-Betriebssuche (PDF-Auszug, Stand 30.08.2026)
A-0500;Stephan und Andrea Greindl;Holzleiten 16b;4331;Naarn;AT;+43 664 8376676;office@weingutgreindl.at;Betriebsstandort: Bergland · Quelle: ÖWM-Betriebssuche (PDF-Auszug, Stand 30.08.2026)
A-0501;Hagenauer;Dürnberg 21;4100;Ottensheim;AT;+43 664 1604228;hagenauer-wein@gmx.at;Betriebsstandort: Bergland · Quelle: ÖWM-Betriebssuche (PDF-Auszug, Stand 30.08.2026)
A-0502;Harringer;Oberkriech 38;4845;Regau;AT;+43 676 847810685;weinbau.harringer@gmx.at;Betriebsstandort: Bergland · Quelle: ÖWM-Betriebssuche (PDF-Auszug, Stand 30.08.2026)
A-0503;Heinz Aichmayer;Schulstraße 1;4632;Pichl bei Wels;AT;+43 664 1633616;ah@aichmayr.at;Betriebsstandort: Bergland · Quelle: ÖWM-Betriebssuche (PDF-Auszug, Stand 30.08.2026)
A-0504;Hohl Franz;Römerstr. 1;4880;Berg im Attergau;AT;;hohl.weinbau@gmx.at;Betriebsstandort: Bergland · Quelle: ÖWM-Betriebssuche (PDF-Auszug, Stand 30.08.2026)
A-0505;Hribernig;Wutschein 9;9064;Pischeldorf;AT;+43 664 5461201;adolf.hribernig@aon.at;Betriebsstandort: Bergland · Quelle: ÖWM-Betriebssuche (PDF-Auszug, Stand 30.08.2026)
A-0506;Hudelist;Terndorfer Straße 18;9020;Klagenfurt am Wörthersee;AT;+43 664 5695371;office@weingut-hudelist.at;Betriebsstandort: Bergland · Quelle: ÖWM-Betriebssuche (PDF-Auszug, Stand 30.08.2026)
A-0507;Vinum Carantanum Weinbau Jöbstl;Magersdorf 14 a;9433;St. Andrä;AT;+43 650 4323826;w.joebstl@gmx.at;Betriebsstandort: Bergland · Quelle: ÖWM-Betriebssuche (PDF-Auszug, Stand 30.08.2026)
A-0508;Karnburg-Sem Kegley & Georg Lexer;Leiten 6;9063;Klagenfurt am Wörthersee;AT;+43 676 3504220;info@weingut-karnburg.eu;Betriebsstandort: Bergland · Quelle: ÖWM-Betriebssuche (PDF-Auszug, Stand 30.08.2026)
A-0509;Kegley & Lexer Wein GmbH;Leiten 6;9063;Klagenfurt am Wörthersee;AT;;georg@alpenspirit.eu;Betriebsstandort: Bergland · Quelle: ÖWM-Betriebssuche (PDF-Auszug, Stand 30.08.2026)
A-0510;Klaus Bauer;Distelberg 2;4492;Hofkirchen im Traunkreis;AT;+43 664 1303539;office@pension-linz.at;Betriebsstandort: Bergland · Quelle: ÖWM-Betriebssuche (PDF-Auszug, Stand 30.08.2026)
A-0511;Kreuzschneider;St. Sebastian 24;9314;Launsdorf;AT;+43 660 4631548;bodner.johannes@gmx.at;Betriebsstandort: Bergland · Quelle: ÖWM-Betriebssuche (PDF-Auszug, Stand 30.08.2026)
A-0512;Kriegner;Halfingerweg 2;4134;Putzleinsdorf;AT;+43 660 7452310;kriegner.erika@aon.at;Betriebsstandort: Bergland · Quelle: ÖWM-Betriebssuche (PDF-Auszug, Stand 30.08.2026)
A-0513;Kronbergerhof;Kronberg 3;4612;Scharten;AT;+43 664 5353376;info@kronbergerhof.at;Betriebsstandort: Bergland · Quelle: ÖWM-Betriebssuche (PDF-Auszug, Stand 30.08.2026)
A-0514;Köck;Pollenitz 6;9560;Feldkirchen in Kärnten;AT;+43 4276 48130;g.koeck@weinbau-koeck.at;Betriebsstandort: Bergland · Quelle: ÖWM-Betriebssuche (PDF-Auszug, Stand 30.08.2026)
A-0515;Költringer;Neudorf 1;4984;Weilbach;AT;+43 664 8460847;office@koeltringer.net;Betriebsstandort: Bergland · Quelle: ÖWM-Betriebssuche (PDF-Auszug, Stand 30.08.2026)
A-0516;Lamprecht;St. Franziski 50;9102;Mittertrixen;AT;+43 4231 2174;lamprecht.johann@a1.net;Betriebsstandort: Bergland · Quelle: ÖWM-Betriebssuche (PDF-Auszug, Stand 30.08.2026)
A-0517;Lippitz;Kollnitzgreuth 1;9470;St. Paul im Lavanttal;AT;+43 4357 3443;buschenschank@lippitz.biz;Betriebsstandort: Bergland · Quelle: ÖWM-Betriebssuche (PDF-Auszug, Stand 30.08.2026)
A-0518;Maltschnig;Lebmach 1;9556;Liebenfels;AT;+43 664 4303212;office@weingut-maltschnig.at;Betriebsstandort: Bergland · Quelle: ÖWM-Betriebssuche (PDF-Auszug, Stand 30.08.2026)
A-0519;Manufaktur Metz;Einsiedl 4;4470;Enns;AT;+43 681 10753841;metz.h@gmx.at;Betriebsstandort: Bergland · Quelle: ÖWM-Betriebssuche (PDF-Auszug, Stand 30.08.2026)
A-0520;Möth;Langenerstraße 5;6900;Bregenz;AT;+43 5574 47711;info@moeth.at;Betriebsstandort: Bergland · Quelle: ÖWM-Betriebssuche (PDF-Auszug, Stand 30.08.2026)
A-0521;Nachbaur;Zehentstraße 4;6832;Röthis;AT;+43 5522 43251;info@weingut-nachbaur.at;Betriebsstandort: Bergland · Quelle: ÖWM-Betriebssuche (PDF-Auszug, Stand 30.08.2026)
A-0522;Nussböckgut;Gaumberg 6;4060;Leonding;AT;+43 732 671954;info@nussboeckgut.at;Betriebsstandort: Bergland · Quelle: ÖWM-Betriebssuche (PDF-Auszug, Stand 30.08.2026)
A-0523;Ofer;Wachsenberg 3/2;9560;Feldkirchen in Kärnten;AT;+43 676 7600726;weingut@ofer.at;Betriebsstandort: Bergland · Quelle: ÖWM-Betriebssuche (PDF-Auszug, Stand 30.08.2026)
A-0524;Osternacherhof;Osternach 28/9;4974;Ort im Innkreis;AT;+43 664 5030629;office@osternacherhof.at;Betriebsstandort: Bergland · Quelle: ÖWM-Betriebssuche (PDF-Auszug, Stand 30.08.2026)
A-0525;Radlerbauernhof Moser;Mitterkirchen 27;4343;Mitterkirchen;AT;+43 7269 8311;office@radlerbauernhof-moser.at;Betriebsstandort: Bergland · Quelle: ÖWM-Betriebssuche (PDF-Auszug, Stand 30.08.2026)
A-0526;Reisetbauer;Zum Kirchdorfergut 1;4062;Kirchberg-Thening;AT;+43 7221 63690;office@reisetbauer.at;Betriebsstandort: Bergland · Quelle: ÖWM-Betriebssuche (PDF-Auszug, Stand 30.08.2026)
A-0527;Rinnerthaler;Riedl 1;4844;Regau;AT;+43 699 11131959;rinnerthaler@weinausoberoesterreich.at;Betriebsstandort: Bergland · Quelle: ÖWM-Betriebssuche (PDF-Auszug, Stand 30.08.2026)
A-0528;Vlg. Ritter;Loschental 8;9470;St. Paul im Lavanttal;AT;+43 680 3027100;wein@vulgoritter.at;Betriebsstandort: Bergland · Quelle: ÖWM-Betriebssuche (PDF-Auszug, Stand 30.08.2026)
A-0529;Rogl;Urndorferstraße 18;4540;Bad Hall;AT;+43 699 14071992;office@weinbaurogl.at;Betriebsstandort: Bergland · Quelle: ÖWM-Betriebssuche (PDF-Auszug, Stand 30.08.2026)
A-0530;Salbrechter Margarete;Siebenbrünnerweg 7;9300;Treffelsdorf;AT;+43 676 6518335;salbrechter@gmx.at;Betriebsstandort: Bergland · Quelle: ÖWM-Betriebssuche (PDF-Auszug, Stand 30.08.2026)
A-0531;Schiefermair;Gerersdorf 11;4531;Kematen an der Krems;AT;+43 676 821261861;wein@schiefermair.at;Betriebsstandort: Bergland · Quelle: ÖWM-Betriebssuche (PDF-Auszug, Stand 30.08.2026)
A-0532;Schmuckenschlager;Volkersdorf 10;4470;Enns;AT;+43 650 3908605;ennser@hofweingut.at;Betriebsstandort: Bergland · Quelle: ÖWM-Betriebssuche (PDF-Auszug, Stand 30.08.2026)
A-0533;Sternberg;Feldweg 6;9241;Wernberg;AT;+43 664 1601630;winzer@sternberg-wein.at;Betriebsstandort: Bergland · Quelle: ÖWM-Betriebssuche (PDF-Auszug, Stand 30.08.2026)
A-0534;Strutz;Talerweg 16;9400;Wolfsberg;AT;+43 664 4237883;petra@qualityalpaca.at;Betriebsstandort: Bergland · Quelle: ÖWM-Betriebssuche (PDF-Auszug, Stand 30.08.2026)
A-0535;TERRA AUSTRIACUS;Tullenweg 25;6522;Prutz;AT;+43 664 9181601;office@terraaustriacus.at;Betriebsstandort: Bergland · Quelle: ÖWM-Betriebssuche (PDF-Auszug, Stand 30.08.2026)
A-0536;Burg Taggenbrunn;Taggenbrunn 9;9300;St. Veit an der Glan;AT;+43 664 80544161;winzer@taggenbrunn.at;Betriebsstandort: Bergland · Quelle: ÖWM-Betriebssuche (PDF-Auszug, Stand 30.08.2026)
A-0537;Tangl;Trujegasse 9b;6464;Tarrenz;AT;+43 5412 61142;weinhof@tangl.at;Betriebsstandort: Bergland · Quelle: ÖWM-Betriebssuche (PDF-Auszug, Stand 30.08.2026)
A-0538;Tauer Johannes;Hauptstrasse 17;4866;Innerschwand;AT;+43 7665 6000;j.tauer@aon.at;Betriebsstandort: Bergland · Quelle: ÖWM-Betriebssuche (PDF-Auszug, Stand 30.08.2026)
A-0539;Trattnachtaler;Am Kröpflmühlerweg 16;4707;Schlüßlberg;AT;+43 664 1331717;augustin@trattnachtaler-weinhaus.at;Betriebsstandort: Bergland · Quelle: ÖWM-Betriebssuche (PDF-Auszug, Stand 30.08.2026)
A-0540;Trippelgut;Hubertusweg 4;9560;Feldkirchen in Kärnten;AT;+43 4276 93080;office@trippelgut.at;Betriebsstandort: Bergland · Quelle: ÖWM-Betriebssuche (PDF-Auszug, Stand 30.08.2026)
A-0541;Vinum Virunum KG;Altglandorf 22;9300;St. Veit an der Glan;AT;+43 664 8323791;office@vinumvirunum.at;Betriebsstandort: Bergland · Quelle: ÖWM-Betriebssuche (PDF-Auszug, Stand 30.08.2026)
A-0542;Vitalhof Roithinger;;4707;Schlüßlberg;AT;;;Betriebsstandort: Bergland · Quelle: ÖWM-Betriebssuche (PDF-Auszug, Stand 30.08.2026)
A-0543;Vulini;Höchster Straße 154;6850;Dornbirn;AT;+43 664 4657638;info@vulini.at;Betriebsstandort: Bergland · Quelle: ÖWM-Betriebssuche (PDF-Auszug, Stand 30.08.2026)
A-0544;W2 Bioweinbau Waltl;Dr. Wutte-Straße 14;9020;Klagenfurt am Wörthersee;AT;;office@weinbauwaltl.at;Betriebsstandort: Bergland · Quelle: ÖWM-Betriebssuche (PDF-Auszug, Stand 30.08.2026)
A-0545;WEINWERK IMP;Emil-Hölzel-Weg 8;9073;Klagenfurt-Viktring;AT;;j.imp@gmx.net;Betriebsstandort: Bergland · Quelle: ÖWM-Betriebssuche (PDF-Auszug, Stand 30.08.2026)
A-0546;Weinbaukollektiv West;Schmalzgasse 3;6835;Batschuns;AT;+43 680 2179434;post@weinbaukollektivwest.at;Betriebsstandort: Bergland · Quelle: ÖWM-Betriebssuche (PDF-Auszug, Stand 30.08.2026)
A-0547;Tiroler Weinbauverband;Hattingerberg 25;6402;Hatting;AT;+43 664 4640852;info@weingut-romasi.at;Betriebsstandort: Bergland · Quelle: ÖWM-Betriebssuche (PDF-Auszug, Stand 30.08.2026)
A-0548;Weingut Höckner & Höckner;;4972;Utzenaich;AT;;office@weingut-hoeckner.at;Betriebsstandort: Bergland · Quelle: ÖWM-Betriebssuche (PDF-Auszug, Stand 30.08.2026)
A-0549;Weinwerkstatt Klagenfurt;Ganghofergasse 9;9020;Klagenfurt am Wörthersee;AT;+43 664 4141203;robert.passegger@chello.at;Betriebsstandort: Bergland · Quelle: ÖWM-Betriebssuche (PDF-Auszug, Stand 30.08.2026)
A-0550;Werzi Alfred;Eis 110;9113;Ruden;AT;+43 664 4121250;alfred@werzi.at;Betriebsstandort: Bergland · Quelle: ÖWM-Betriebssuche (PDF-Auszug, Stand 30.08.2026)
A-0551;Winzerei Weerbach;Auweg 27;6114;Kolsass;AT;;winzerei.weerbach@gmail.com;Betriebsstandort: Bergland · Quelle: ÖWM-Betriebssuche (PDF-Auszug, Stand 30.08.2026)
A-0552;Winzerei by Dani & Hani;Untersperr 15;4644;Scharnstein;AT;+43 664 5337068;office@weinvomwinzer.at;Betriebsstandort: Bergland · Quelle: ÖWM-Betriebssuche (PDF-Auszug, Stand 30.08.2026)
A-0553;Fruchtveredelung Geschwister Wurm;Weilling 10;4490;Sankt Florian;AT;+43 7224 4387;irene.wurm@wwurm.at;Betriebsstandort: Bergland · Quelle: ÖWM-Betriebssuche (PDF-Auszug, Stand 30.08.2026)
A-0554;Zoller-Saumwald;Steinweg 18;6425;Haiming;AT;+43 676 3504292;wein@zoller-saumwald.at;Betriebsstandort: Bergland · Quelle: ÖWM-Betriebssuche (PDF-Auszug, Stand 30.08.2026)
A-0555;lenzbauer.wine;Vordergumitsch 28;9400;Wolfsberg;AT;+43 650 4567133;office@lenzbauer.wine;Betriebsstandort: Bergland · Quelle: ÖWM-Betriebssuche (PDF-Auszug, Stand 30.08.2026)
A-0556;vinumpaulinum - Benediktinerstift St. Paul;Hauptstraße 1;9470;St. Andrä;AT;+43 4357 201930;office@stift-stpaul.at;Betriebsstandort: Bergland · Quelle: ÖWM-Betriebssuche (PDF-Auszug, Stand 30.08.2026)
A-0557;vom Firdinant Hof;Dörfl 7;4491;Niederneukirchen;AT;;monika_ebner@gmx.at;Betriebsstandort: Bergland · Quelle: ÖWM-Betriebssuche (PDF-Auszug, Stand 30.08.2026)
